code,dates,lien,description de l'offre en 1 phrase,marque,source,url source,date de création,reduction (%),reduction (€),disclosure criteria,reduction (time)
CAMILLELV,en ce moment,https://eve-and-co.com/camillelv,10€ OFFERTS,Eve and Co,Camille LV,https://www.youtube.com/watch?v=o9CmgDbuUVQ&ab_channel=Camille LV,2024-06-21,,10.0,0.99,
LEOS,jusqu’au 17 Juin,https://www.displate.com/leos,Profitez de 25% de promo pour l'achat d'un Displate avec le code LEOS et 35% pour l'achat de 2 Displates,Displate,LeoSucculent,https://www.youtube.com/watch?v=vcw6xpJcOds&ab_channel=LeoSucculent,2024-06-12,25.0,,0.99,
ip10,,https://www.nao-case.com/products/le-maillot-mystere?variant=46629197021519,"1 coque acheté, la 2eme a -50%",Nao case,LImmigreparisien,https://www.youtube.com/watch?v=3utloBVSYV0&ab_channel=LImmigreparisien,2024-06-02,50.0,,0.99,
Pas de code,,https://cyberghostvpn.com/GMilgramChannel,83% de réduction et 4 mois offerts en cliquant sur le lien,CyberGhost VPN,G Milgram,https://www.youtube.com/watch?v=24udEh9ezvk&ab_channel=G Milgram,2024-06-23,83.0,,0.99,0.75
Pas de code,,https://cyberghostvpn.com/GMilgramChannel,Profitez de 83% de réduction et 4 mois offerts,CyberGhost VPN,G Milgram,https://www.youtube.com/watch?v=24udEh9ezvk&ab_channel=G Milgram,2024-06-23,83.0,,0.99,0.75
MADARA,Jusqu'au 31 mai,,Un highlighter Madara offert dès 30€ d’achats,Madara,MarieLopezVlogs,https://www.youtube.com/watch?v=XLQ1rvp1LHo&ab_channel=MarieLopezVlogs,2024-05-30,,30.0,0.99,
Pas de code,,https://cyberghostvpn.com/GMilgramChannel,Profitez de 83% de réduction et 4 mois offerts,CyberGhost VPN,G Milgram,https://www.youtube.com/watch?v=24udEh9ezvk&ab_channel=G Milgram,2024-06-21,83.0,,0.99,0.75
DOUMBE20,,https://www.dadadrinks.com/,20% de réduction avec le code DOUMBE20 chez DADA,DADA,cedricdoumbeoff,https://www.youtube.com/watch?v=9yq6GMEea7w&ab_channel=cedricdoumbeoff,2024-06-09,20.0,,0.99,
STORMETTE,non spécifié,https://journi.onelink.me/9xjK/Stormette,Obtenez -20% sur votre commande,Journi Print,StormettexGold,https://www.youtube.com/watch?v=7e4SqIS0HxQ&ab_channel=StormettexGold,2024-06-09,20.0,,0.99,
SUEUR,100 euros,https://go.onelink.me/2887093520/c2567239,100 euros de paris offerts sur le MMA et l'UFC,Betclic,lasueuroff,https://www.youtube.com/watch?v=w9QTsqbo5Vw&ab_channel=lasueuroff,2024-05-20,,100.0,0.99,
DJAYSON,été,https://budgysmuggler.fr/discount/DJAYSON,Profitez de -20% sur votre commande chez Budgy Smuggler pour vos maillots cet été,Budgy Smuggler,DjaysonTV,https://www.youtube.com/watch?v=sjOeRpieM70&ab_channel=DjaysonTV,2024-06-06,20.0,,0.99,
MADARA,Jusqu'au 31 mai,https://leavesandclouds.fr/,Un highlighter Madara offert dès 30€ d’achats,Leaves & Clouds,MarieLopezVlogs,https://www.youtube.com/watch?v=3Nmp3dO_jk8&ab_channel=MarieLopezVlogs,2024-05-23,,30.0,0.99,
SHERA,pendant 15 jours,https://yepoda.shop/SHERA,-20% sur le site,Yepoda,SheraKerienski,https://www.youtube.com/watch?v=fCVUaEOk11w&ab_channel=SheraKerienski,2024-06-03,20.0,,0.99,
WHOOGYS,non précisé,https://Squarespace.com/Whoogys,10% de réduction sur votre première commande sur Squarespace,Squarespace,Whoogy ́s,https://www.youtube.com/watch?v=jU7sl-PAB98&ab_channel=Whoogy ́s,2024-06-23,10.0,,0.99,
SHESH15,jusqu'au 16 juin,https://www.helloboku.com/discount/SHESH15?utm_source=youtube&utm_medium=influencer&utm_campaign=leshesh&utm_term=bidet,-15% sur tout le site Boku!,Boku,Sheshounet,https://www.youtube.com/watch?v=VvTBoF6eogQ&ab_channel=Sheshounet,2024-06-09,15.0,,0.99,
TOUJOURSPIEDSNUS,,https://groupeautoshop.com,Code promo -20% sur Autoshop,Autoshop,SmellsLikeGASOLINE,https://www.youtube.com/watch?v=ffRksTrBLYo&ab_channel=SmellsLikeGASOLINE,2024-06-14,20.0,,0.99,
DJILSI,jusqu’au 27/07/2024,"https://www.ultrapremiumdirect.com/?utm_source=Youtube&utm_medium=partenariat&
utm_campaign=djilsi-youtube-15062024",-25% pour les nouveaux clients pendant 48h puis -20% pour les nouveaux clients sur tout le site UltraPremiumDirect.com,Ultra Premium Direct,Djilsi,https://www.youtube.com/watch?v=Ak3zZdm4LlU&ab_channel=Djilsi,2024-06-17,25.0,,0.99,
Skyrroz,,http://turtlebeach.gg/SKYRROZ,10% de réduction sur les matériels Turtle Beach,Turtle Beach,FRSkyRRoZ,https://www.youtube.com/watch?v=4S-sB_uywHc&ab_channel=FRSkyRRoZ,2024-06-10,10.0,,0.99,
IBRA,pas de dates,https://tidd.ly/3BlLBVA,33% de réduction sur tout le site,MY PROTEIN,TsetchoevIbraTV,https://www.youtube.com/watch?v=mWigLm0Sp7k&ab_channel=TsetchoevIbraTV,2024-06-09,33.0,,0.99,
DOUMBE10,,https://magasins.khadispal.fr/khadispal/fr,10% de réduction avec le code DOUMBE10 chez KHADISPAL,KHADISPAL,cedricdoumbeoff,https://www.youtube.com/watch?v=9yq6GMEea7w&ab_channel=cedricdoumbeoff,2024-06-09,10.0,,0.99,
IDREAU,,https://fr.weareholy.com/idreau/twitch,10% de réduction chez Holy Energy,Holy Energy,IDREAU,https://www.youtube.com/watch?v=D_4d63xWmXQ&ab_channel=IDREAU,2024-06-06,10.0,,0.99,
BONJOURETTOI,valable 48h,https://vision-naire.com/,15% de réduction chez Visionnaire,Visionnaire,LeFatShow,https://www.youtube.com/watch?v=IUIO7YFvZek&ab_channel=LeFatShow,2024-05-28,15.0,,0.99,
,,https://www.instant-gaming.com/?igr=fuze-ig,Jeux à -70% sur Instant Gaming,,FuzayAuCarre,https://www.youtube.com/watch?v=T4XjSUuQhWg&ab_channel=FuzayAuCarre,2024-05-31,70.0,,0.99,
TOUJOURSPIEDSNUS,,https://groupeautoshop.com,Obtenez une réduction de 20% sur les pièces détachées,Autoshop,SmellsLikeGASOLINE,https://www.youtube.com/watch?v=RAjL2TZmJHU&ab_channel=SmellsLikeGASOLINE,2024-05-31,20.0,,0.99,
XAW49S3D,,https://www.koliris.com,Profitez d'une réduction de 10% sur les produits de carrosserie,Koliris,SmellsLikeGASOLINE,https://www.youtube.com/watch?v=RAjL2TZmJHU&ab_channel=SmellsLikeGASOLINE,2024-05-31,10.0,,0.99,
,,https://nordvpn.com/saidvpn,4 mois d’abonnements supplémentaires sur les abonnements NordVPN de 2 ans,NORD VPN,Pieds Carrés,https://www.youtube.com/watch?v=C91sFDGZRfw&ab_channel=Pieds Carrés,2024-06-23,,,0.66,1.0
IBRA,24h à partir de la sortie de la vidéo,https://tidd.ly/3BlLBVA,43% de réduction sur tout le site,MY PROTEIN,TsetchoevIbraTV,https://www.youtube.com/watch?v=iRtDPI2VL7o&ab_channel=TsetchoevIbraTV,2024-05-26,43.0,,0.99,
,,https://nordvpn.com/saidvpn,4 mois d’abonnements supplémentaires sur les abonnements NordVPN de 2 ans,NORD VPN,Pieds Carrés,https://www.youtube.com/watch?v=C91sFDGZRfw&ab_channel=Pieds Carrés,2024-06-21,,,0.66,1.0
EPENSER,fête des pères,https://bit.ly/epenser-novium,10% de réduction + livraison offerte,Novium,Epenser1,https://www.youtube.com/watch?v=V52QB7TIv9Q&ab_channel=Epenser1,2024-05-28,10.0,,0.99,
GAELLELOVE,,https://www.ultrapremiumdirect.com/?utm_source=Youtube&utm_medium=partenariat&utm_campaign=gaellegd-youtube-mp02062024,20% de réduction + 1 gourde en édition limitée offerte pour les nouveaux clients,Ultra Premium Direct,gaellegarciadiaz1,https://www.youtube.com/watch?v=ui5qhU0_nYo&ab_channel=gaellegarciadiaz1,2024-06-03,20.0,,0.99,
GASOLINE,,https://www.racinglubes.fr,Code promo -10% sur Racing Lubes,Racing Lubes,SmellsLikeGASOLINE,https://www.youtube.com/watch?v=ffRksTrBLYo&ab_channel=SmellsLikeGASOLINE,2024-06-14,10.0,,0.99,
steven24,pas de date spécifique,https://url.rhinoshield.fr/steven24-ios18,-10% chez Rhinoshield,Rhinoshield,STEVENLATHOUD,https://www.youtube.com/watch?v=dabSPS9Ypdc&ab_channel=STEVENLATHOUD,2024-06-12,10.0,,0.99,
DJILSI,jusqu'au 25 mai inclus,https://bit.ly/DjilsiColumbia,-10% sur tout le site hors offre membres,Columbia,Djilsi,https://www.youtube.com/watch?v=WOwgEajEu80&ab_channel=Djilsi,2024-05-20,10.0,,0.99,
AMIXEM5,,https://fr.weareholy.com/Amixem/Youtube,5€ de réduction,HOLY,Amixem,https://www.youtube.com/watch?v=rHhSkdLqKPE&ab_channel=Amixem,2024-06-17,,5.0,0.99,
LASUEUR,-30%,http://bit.ly/2FiQqmZ,Minimum 30% de réduction chez MYPROTEIN,MYPROTEIN,lasueuroff,https://www.youtube.com/watch?v=w9QTsqbo5Vw&ab_channel=lasueuroff,2024-05-20,30.0,,0.99,
,,,Get a first glimpse at the new thrilling gameplay and open world of Star Wars Outlaws.,,Ubisoft,https://www.youtube.com/watch?v=I6tA_o8uzUI&ab_channel=Ubisoft,2024-06-09,,,0.66,1.0
,,,Pre-order now and receive the Kessel Runner Bonus Pack including cosmetics for your speeder and The Trailblazer starship!,,Ubisoft,https://www.youtube.com/watch?v=I6tA_o8uzUI&ab_channel=Ubisoft,2024-06-09,,,0.66,1.0
,,,"Coming August 30th, 2024. Play up to 3 days early with Gold or Ultimate edition, which includes the base game and season pass.",,Ubisoft,https://www.youtube.com/watch?v=I6tA_o8uzUI&ab_channel=Ubisoft,2024-06-09,,,0.66,1.0
FROMNICO,,https://green-got.com/?utm_source=youtube&utm_medium=influence&utm_campaign=Nicomathieux-aqcurrentaccount&utm_content=legende2024-05-22,2 mois offerts pour les 1000 plus rapides,Green-Got,NicoMathieux,https://www.youtube.com/watch?v=7scRUIdfKlY&ab_channel=NicoMathieux,2024-05-26,,,0.66,0.75
PoissonFecond5,,https://fr.weareholy.com/ConteFecond/Youtube,5€ de réduction sur votre commande,HOLY,contefecond6003,https://www.youtube.com/watch?v=7M0mu8_4j0A&ab_channel=contefecond6003,2024-06-12,,5.0,0.99,
CamilleLV5,,https://fr.weareholy.com/CamilleLV/Youtube,5€ de réduction lors de ta commande,HOLY,CamilleLV.,https://www.youtube.com/watch?v=2w0ESrad7fc&ab_channel=CamilleLV.,2024-06-12,,5.0,0.99,
,,https://link.influxcrew.com/Deblock_Hardisk,Télécharge Deblock avec ce lien et tente de gagner 10 000 € en effectuant un premier versement !,Deblock,Hardisk,https://www.youtube.com/watch?v=O3HtitVWg3E&ab_channel=Hardisk,2024-06-23,,0.0,0.99,
neoxi,,https://nordvpn.com/neoxi,Obtenez 4 mois offerts sur les abonnements de NordVPN de 2 ans,NordVPN,Ne0xi,https://www.youtube.com/watch?v=C8SNfHCh8BM&ab_channel=Ne0xi,2024-06-06,,,0.66,1.0
RASKA,,http://www.holzkern.com/raska,Bénéficiez de -10%,Holzkern,R4SK4,https://www.youtube.com/watch?v=n4OmVk9MTKY&ab_channel=R4SK4,2024-06-17,10.0,,0.99,
GASOLINE,,https://www.racinglubes.fr,Bénéficiez d'une remise de 10% sur les fluides et lubrifiants,Racing Lubes,SmellsLikeGASOLINE,https://www.youtube.com/watch?v=RAjL2TZmJHU&ab_channel=SmellsLikeGASOLINE,2024-05-31,10.0,,0.99,
AMIXEM,,https://fr.weareholy.com/Amixem/Youtube,10% de réduction sur toutes les commandes,HOLY,Amixem,https://www.youtube.com/watch?v=rHhSkdLqKPE&ab_channel=Amixem,2024-06-17,10.0,,0.99,
HugoDelire5,,https://fr.weareholy.com/HugoDelire,Profite de 5€ sur ta première commande,Holy,HugoDelire36,https://www.youtube.com/watch?v=oDLUAXlWp5U&ab_channel=HugoDelire36,2024-06-02,,5.0,0.99,
BDG5,,https://fr.weareholy.com/BDG/Youtube,5€ de réduction sur votre 1ère commande,HOLY,BazarduGrenier,https://www.youtube.com/watch?v=_VaFTTU2IPo&ab_channel=BazarduGrenier,2024-06-02,,5.0,0.99,
skyrroz,,http://scuf.co/skyrroz,5% de réduction sur les manettes Scuf Gaming,Scuf Gaming,FRSkyRRoZ,https://www.youtube.com/watch?v=4S-sB_uywHc&ab_channel=FRSkyRRoZ,2024-06-10,5.0,,0.99,
VIVELESDARONNES,,https://nordvpn.com/vivelesdaronnes,4 mois d’abonnements supplémentaires sur les abonnements NordVPN de 2 ans,NordVPN,superkevintran,https://www.youtube.com/watch?v=GlaJBv5myko&ab_channel=superkevintran,2024-05-26,,,0.66,1.0
SABINE5,jusqu'à épuisement des stocks,https://lelo.to/sabine5,5% de réduction cumulable sur la gamme Sona,LELO,lasabz_,https://www.youtube.com/watch?v=mH4UsdFfXdA&ab_channel=lasabz_,2024-06-09,5.0,,0.99,
LEONARD,,http://www.holzkern.com/leonard,Bénéficiez de 10% de réduction sur le catalogue Holzkern,Holzkern,leonardberducat,https://www.youtube.com/watch?v=F26ek4b9wFQ&ab_channel=leonardberducat,2024-06-06,10.0,,0.99,
ICIJAPON,pas de dates,https://fr.weareholy.com/Icijapon/Youtube,"utilisez le code ""ICIJAPON"" pour 10% de réduction et ""IicJapon5"" pour 5€ de réduction lors de votre 1ère commande",HOLY,IciJapon,https://www.youtube.com/watch?v=PGwPoneyhbM&ab_channel=IciJapon,2024-05-26,10.0,5.0,0.99,
KOMBO,pas de dates,www.holzkern.com/kombo,Obtenez 10% de réduction sur les magnifiques items de chez Holzkern,Holzkern,Kombo000,https://www.youtube.com/watch?v=RiKFSNk-Veg&ab_channel=Kombo000,2024-06-02,10.0,,0.99,
MCFLYCARLITO,,https://bit.ly/McflyCarlito_Carly,-15% sur Carly,Carly,LeFatShow,https://www.youtube.com/watch?v=7YhGwSaLzC0&ab_channel=LeFatShow,2024-05-20,15.0,,0.66,
NEOXI,,http://www.holzkern.com/neoxi,Obtenez 10% de réduction sur le site de Holzkern,Holzkern,Ne0xi,https://www.youtube.com/watch?v=QU1oAMQ8CQU&ab_channel=Ne0xi,2024-05-30,10.0,,0.99,
HyconiqMag5,pas de dates,https://fr.weareholy.com/HyconiqMag/Youtube,Obtiens 5€ de réduction sur ta commande,HOLY,HYCONIQMAG,https://www.youtube.com/watch?v=ZVHJOTGsgtQ&ab_channel=HYCONIQMAG,2024-05-21,,5.0,0.99,
HugoDelire,,https://fr.weareholy.com/HugoDelire,Ou de 10% de réduction,Holy,HugoDelire36,https://www.youtube.com/watch?v=oDLUAXlWp5U&ab_channel=HugoDelire36,2024-06-02,10.0,,0.99,
BDG,,https://fr.weareholy.com/BDG/Youtube,10% de réduction sur votre commande,HOLY,BazarduGrenier,https://www.youtube.com/watch?v=_VaFTTU2IPo&ab_channel=BazarduGrenier,2024-06-02,10.0,,0.99,
LOUIS,Pas de dates spécifiques,http://www.holzkern.com/louissan,10% sur tout le site !,Holzkern,Louis_,https://www.youtube.com/watch?v=ozCCfsEYcAQ&ab_channel=Louis_,2024-05-26,10.0,,0.99,
GOTAGA,toute l'année,http://scuf.co/Gotaga,5% de réduction sur Scuf,Scuf,Gotaga,https://www.youtube.com/watch?v=lkMsn1Fwj1M&ab_channel=Gotaga,2024-05-20,5.0,,0.99,
GOTAGA,toute l'année,http://q.uers.us/GotagaYT,5% de réduction sur Quersus,Quersus,Gotaga,https://www.youtube.com/watch?v=lkMsn1Fwj1M&ab_channel=Gotaga,2024-05-20,5.0,,0.99,
GOTAGA,toute l'année,https://razer.a9yw.net/GOTAGA,5% de réduction sur Razer,Razer,Gotaga,https://www.youtube.com/watch?v=lkMsn1Fwj1M&ab_channel=Gotaga,2024-05-20,5.0,,0.99,
DARKOLOVE,,https://www.ultrapremiumdirect.com/produits/gourde-isotherme-mission-protection-2024/?utm_source=Youtube&utm_medium=partenariat&utm_campaign=darko-youtube-mp042024,-20% sur TOUT le site pour les nouveaux clients + 1 gourde en édition limitée offerte,Ultra Premium Direct,DarkoCTTG,https://www.youtube.com/watch?v=bIMvvwm9fHM&ab_channel=DarkoCTTG,2024-05-21,20.0,,0.66,
,,https://nordvpn.com/perechabrier,4 mois gratuits (satisfait ou remboursé pendant 30 jours),NordVPN,Pierre_Chabrier,https://www.youtube.com/watch?v=6kT9DokKEqg&ab_channel=Pierre_Chabrier,2024-05-26,,,0.66,0.75
NATOOTOO,,https://www.ultrapremiumdirect.com/produits/gourde-isotherme-mission-protection-2024/?utm_source=Youtube&utm_medium=partenariat&utm_campaign=natoo-youtube-mp042024,-20% sur tout le site pour les nouveaux clients + 1 gourde en édition offerte dans la limite des stocks disponibles,Ultrapremiumdirect,Natooyt,https://www.youtube.com/watch?v=mGWMCKAeQhU&ab_channel=Natooyt,2024-05-20,20.0,,0.66,
3484c6d2-9ab5-4eae-878a-4a186fc4e24a,,https://link.brawlstars.com/?action=voucher,Claim your FREE Profile Picture,Brawl Stars,Brawl Stars,https://www.youtube.com/watch?v=U0Mq3mJdwh4&ab_channel=Brawl Stars,2024-06-23,,,0.66,
GAELLE24,valable 3 semaines,https://www.aroma-zone.com/?utm_source=influence&utm_medium=GGD&utm_campaign=juin,"livraison offerte pour toutes commandes hors bons d'achat, bons cadeaux et bons ateliers",Aroma-zone,gaellegarciadiaz1,https://www.youtube.com/watch?v=-ltIG-S2rOo&ab_channel=gaellegarciadiaz1,2024-06-17,,,0.66,
,,https://linktr.ee/tchinpodcast,pour écouter son podcast,Pauline,PopsTrip,https://www.youtube.com/watch?v=_AA0zqVym_4&ab_channel=PopsTrip,2024-06-17,,,0.66,
SEB,,https://url.rhinoshield.fr/SebFrit,-10% de réduction sur Rhinoshield,Rhinoshield,SEBFRIT,https://www.youtube.com/watch?v=IQIPB1QstJo&ab_channel=SEBFRIT,2024-05-20,10.0,,0.66,
